Player,Nation,Position,Squad,Age,Year of birth,Matches Played,Starts,Minutes,90s Played,Goals,Assists,Goals + Assists,Non-Penalty Goals,Penalty Kicks Made,Penalty Kicks Attempted,Yellow Cards,Red Cards,xG: Expected Goals,npxG: Non-Penalty xG,xAG: Exp. Assisted Goals,npxG + xAG,Progressive Carries,Progressive Passes,Progressive Passes Rec,Goals/90,Assists/90,Goals + Assists/90,Non-Penalty Goals/90,Non-Penalty Goals + Assists/90,xG/90,xAG/90,xG + xAG/90,npxG/90,npxG + xAG
Max Aarons,eng ENG,DF,Bournemouth,23,2000,20,13,"1,237",13.7,0,1,1,0,0,0,1,0,0.0,0.0,0.8,0.9,22,43,26,0.00,0.07,0.07,0.00,0.07,0.00,0.06,0.06,0.00,0.06
Joshua Acheampong,eng ENG,DF,Chelsea,17,2006,1,0,6,0.1,0,0,0,0,0,0,0,0,0.0,0.0,0.0,0.0,0,0,0,0.00,0.00,0.00,0.00,0.00,0.00,0.00,0.00,0.00,0.00
Simon Adingra,ci CIV,FW,Brighton,21,2002,31,25,"2,222",24.7,6,1,7,6,0,0,3,0,4.3,4.3,3.7,8.0,111,50,278,0.24,0.04,0.28,0.24,0.28,0.17,0.15,0.32,0.17,0.32
Brandon Aguilera,cr CRC,FW,Nott'ham Forest,20,2003,1,0,5,0.1,0,0,0,0,0,0,0,0,0.0,0.0,0.0,0.0,0,0,1,0.00,0.00,0.00,0.00,0.00,0.00,0.00,0.00,0.00,0.00
Naouirou Ahamada,fr FRA,"MF,FW",Crystal Palace,21,2002,20,0,349,3.9,0,0,0,0,0,0,4,1,0.5,0.5,0.0,0.5,19,25,20,0.00,0.00,0.00,0.00,0.00,0.13,0.01,0.13,0.13,0.13
Rayan Aït-Nouri,dz ALG,"DF,MF",Wolves,22,2001,33,29,"2,329",25.9,2,1,3,2,0,0,7,0,3.3,3.3,2.4,5.6,67,99,99,0.08,0.04,0.12,0.08,0.12,0.13,0.09,0.22,0.13,0.22
Julián Álvarez,ar ARG,"MF,FW",Manchester City,23,2000,36,31,"2,647",29.4,11,8,19,9,2,2,2,0,13.0,11.5,6.4,17.9,64,103,180,0.37,0.27,0.65,0.31,0.58,0.44,0.22,0.66,0.39,0.61
Zeki Amdouni,ch SUI,FW,Burnley,22,2000,34,27,"1,953",21.7,5,1,6,4,1,1,2,0,5.8,5.0,1.4,6.5,63,49,93,0.23,0.05,0.28,0.18,0.23,0.27,0.07,0.33,0.23,0.30
Elliot Anderson,eng ENG,"MF,FW",Newcastle Utd,20,2002,21,10,"1,027",11.4,0,2,2,0,0,0,3,0,1.5,1.5,1.9,3.5,37,57,70,0.00,0.18,0.18,0.00,0.18,0.13,0.17,0.30,0.13,0.30
Jaidon Anthony,eng ENG,FW,Bournemouth,23,1999,3,2,152,1.7,0,0,0,0,0,0,1,0,0.1,0.1,0.0,0.1,2,8,9,0.00,0.00,0.00,0.00,0.00,0.04,0.00,0.04,0.04,0.04
Antony,br BRA,FW,Manchester Utd,23,2000,29,15,"1,324",14.7,1,1,2,1,0,0,5,0,3.4,3.4,2.8,6.1,53,64,149,0.07,0.07,0.14,0.07,0.14,0.23,0.19,0.42,0.23,0.42
Oliver Arblaster,eng ENG,MF,Sheffield Utd,19,2004,12,11,943,10.5,0,0,0,0,0,0,2,0,0.0,0.0,0.8,0.8,14,43,4,0.00,0.00,0.00,0.00,0.00,0.00,0.07,0.08,0.00,0.08
Cameron Archer,eng ENG,"FW,MF",Sheffield Utd,22,2001,29,21,"1,832",20.4,4,1,5,4,0,0,1,0,5.5,5.5,2.8,8.3,33,15,114,0.20,0.05,0.25,0.20,0.25,0.27,0.14,0.41,0.27,0.41
Cameron Archer,eng ENG,MF,Aston Villa,22,2001,1,0,6,0.1,0,0,0,0,0,0,1,0,0.0,0.0,0.0,0.0,1,0,0,0.00,0.00,0.00,0.00,0.00,0.00,0.00,0.00,0.00,0.00
Lorenz Assignon,tg TOG,DF,Burnley,23,2000,15,15,"1,234",13.7,1,2,3,1,0,0,5,1,0.4,0.4,2.6,3.0,38,34,57,0.07,0.15,0.22,0.07,0.22,0.03,0.19,0.22,0.03,0.22
Benoît Badiashile,fr FRA,DF,Chelsea,22,2001,18,15,"1,338",14.9,0,1,1,0,0,0,3,0,0.3,0.3,1.5,1.8,3,46,3,0.00,0.07,0.07,0.00,0.07,0.02,0.10,0.12,0.02,0.12
Stefan Bajcetic,es ESP,MF,Liverpool,18,2004,1,0,26,0.3,0,0,0,0,0,0,0,0,0.0,0.0,0.0,0.0,0,1,0,0.00,0.00,0.00,0.00,0.00,0.00,0.00,0.00,0.00,0.00
Carlos Baleba,cm CMR,MF,Brighton,19,2004,27,15,"1,325",14.7,0,0,0,0,0,0,7,0,0.8,0.8,0.3,1.1,19,50,9,0.00,0.00,0.00,0.00,0.00,0.06,0.02,0.08,0.06,0.08
Valentín Barco,ar ARG,"DF,FW",Brighton,19,2004,6,3,307,3.4,0,0,0,0,0,0,1,0,0.2,0.2,0.2,0.4,8,14,20,0.00,0.00,0.00,0.00,0.00,0.05,0.07,0.13,0.05,0.13
Calvin Bassey,ng NGA,DF,Fulham,23,1999,29,25,"2,303",25.6,1,0,1,1,0,0,6,1,0.3,0.3,0.0,0.4,15,62,4,0.04,0.00,0.04,0.04,0.04,0.01,0.00,0.01,0.01,0.01
Owen Beck,wls WAL,DF,Liverpool,20,2002,1,0,8,0.1,0,0,0,0,0,0,0,0,0.0,0.0,0.0,0.0,0,0,1,0.00,0.00,0.00,0.00,0.00,0.00,0.00,0.00,0.00,0.00
Anis Ben Slimane,tn TUN,MF,Sheffield Utd,22,2001,15,4,419,4.7,0,0,0,0,0,0,2,0,0.8,0.8,0.3,1.1,3,12,21,0.00,0.00,0.00,0.00,0.00,0.17,0.06,0.23,0.17,0.23
Jordan Beyer,de GER,DF,Burnley,23,2000,15,15,"1,234",13.7,0,1,1,0,0,0,6,0,0.5,0.5,0.3,0.8,9,25,1,0.00,0.07,0.07,0.00,0.07,0.04,0.02,0.06,0.04,0.06
Benicio Boaitey,eng ENG,"FW,DF",Brighton,19,2004,5,0,40,0.4,0,0,0,0,0,0,1,0,0.0,0.0,0.1,0.1,1,2,2,0.00,0.00,0.00,0.00,0.00,0.05,0.13,0.19,0.05,0.19
Oscar Bobb,no NOR,"FW,MF",Manchester City,20,2003,14,2,302,3.4,1,1,2,1,0,0,0,0,1.4,1.4,1.2,2.6,13,25,38,0.30,0.30,0.60,0.30,0.60,0.41,0.37,0.78,0.41,0.78
Jayden Bogle,eng ENG,DF,Sheffield Utd,23,2000,34,32,"2,788",31.0,3,0,3,3,0,0,9,0,2.3,2.3,1.0,3.3,38,60,92,0.10,0.00,0.10,0.10,0.10,0.07,0.03,0.11,0.07,0.11
Sven Botman,nl NED,DF,Newcastle Utd,23,2000,17,15,"1,377",15.3,2,2,4,2,0,0,2,0,0.6,0.6,1.0,1.6,0,35,5,0.13,0.13,0.26,0.13,0.26,0.04,0.07,0.11,0.04,0.11
Conor Bradley,nir NIR,DF,Liverpool,20,2003,11,10,753,8.4,1,3,4,1,0,0,2,0,0.9,0.9,1.5,2.3,35,29,64,0.12,0.36,0.48,0.12,0.48,0.10,0.17,0.28,0.10,0.28
Jarrad Branthwaite,eng ENG,DF,Everton,21,2002,35,35,"3,116",34.6,3,0,3,3,0,0,8,0,1.7,1.7,1.0,2.8,2,74,6,0.09,0.00,0.09,0.09,0.09,0.05,0.03,0.08,0.05,0.08
Rhian Brewster,eng ENG,"FW,MF",Sheffield Utd,23,2000,13,3,346,3.8,0,0,0,0,0,0,0,1,0.4,0.4,0.1,0.5,1,3,21,0.00,0.00,0.00,0.00,0.00,0.09,0.03,0.12,0.09,0.12
Armando Broja,al ALB,FW,Chelsea,21,2001,13,6,454,5.0,1,0,1,1,0,0,0,0,2.4,2.4,0.2,2.5,11,6,37,0.20,0.00,0.20,0.20,0.20,0.47,0.03,0.50,0.47,0.50
Armando Broja,al ALB,FW,Fulham,21,2001,8,0,88,1.0,0,1,1,0,0,0,0,0,0.0,0.0,0.4,0.4,2,2,7,0.00,1.02,1.02,0.00,1.02,0.00,0.41,0.41,0.00,0.41
Andre Brooks,eng ENG,"MF,DF",Sheffield Utd,19,2003,20,12,938,10.4,0,0,0,0,0,0,1,0,0.4,0.4,0.1,0.5,12,18,22,0.00,0.00,0.00,0.00,0.00,0.04,0.01,0.05,0.04,0.05
Hugo Bueno,es ESP,"DF,MF",Wolves,20,2002,22,7,741,8.2,0,0,0,0,0,0,1,0,0.3,0.3,0.8,1.0,22,8,40,0.00,0.00,0.00,0.00,0.00,0.03,0.09,0.13,0.03,0.13
Facundo Buonanotte,ar ARG,"FW,MF",Brighton,18,2004,27,17,"1,364",15.2,3,1,4,3,0,0,7,0,2.4,2.4,1.8,4.2,23,42,69,0.20,0.07,0.26,0.20,0.26,0.16,0.12,0.28,0.16,0.28
Mason Burstow,eng ENG,FW,Chelsea,19,2003,2,0,9,0.1,0,0,0,0,0,0,0,0,0.0,0.0,0.0,0.0,0,0,1,0.00,0.00,0.00,0.00,0.00,0.00,0.00,0.00,0.00,0.00
Moisés Caicedo,ec ECU,MF,Chelsea,21,2001,35,33,"2,866",31.8,1,3,4,1,0,0,11,0,0.4,0.4,2.6,3.0,27,173,27,0.03,0.09,0.13,0.03,0.13,0.01,0.08,0.09,0.01,0.09
Thomas Cannon,ie IRL,FW,Everton,20,2002,1,0,1,0.0,0,0,0,0,0,0,0,0,0.0,0.0,0.0,0.0,0,0,0,0.00,0.00,0.00,0.00,0.00,0.00,0.00,0.00,0.00,0.00
Cesare Casadei,it ITA,"FW,MF",Chelsea,20,2003,11,0,79,0.9,0,0,0,0,0,0,0,0,0.0,0.0,0.1,0.1,1,3,3,0.00,0.00,0.00,0.00,0.00,0.00,0.12,0.12,0.00,0.12
Kaelan Casey,eng ENG,DF,West Ham,18,2004,1,0,1,0.0,0,0,0,0,0,0,0,0,0.0,0.0,0.0,0.0,0,0,0,0.00,0.00,0.00,0.00,0.00,0.00,0.00,0.00,0.00,0.00
Youssef Chermiti,pt POR,FW,Everton,19,2004,18,1,208,2.3,0,0,0,0,0,0,3,0,0.7,0.7,0.8,1.5,5,5,15,0.00,0.00,0.00,0.00,0.00,0.31,0.34,0.65,0.31,0.65
Tawanda Chirewa,zw ZIM,"MF,FW",Wolves,19,2003,8,1,145,1.6,0,0,0,0,0,0,1,0,0.2,0.2,0.0,0.2,1,7,8,0.00,0.00,0.00,0.00,0.00,0.10,0.02,0.12,0.10,0.12
Leon Chiwome,eng ENG,FW,Wolves,17,2006,3,2,174,1.9,0,0,0,0,0,0,0,0,0.1,0.1,0.0,0.1,1,2,7,0.00,0.00,0.00,0.00,0.00,0.05,0.00,0.05,0.05,0.05
Tahith Chong,nl NED,"MF,FW",Luton Town,23,1999,33,20,"1,982",22.0,4,0,4,4,0,0,4,0,2.7,2.7,0.5,3.2,57,72,101,0.18,0.00,0.18,0.18,0.18,0.12,0.02,0.15,0.12,0.15
Carney Chukwuemeka,eng ENG,"MF,FW",Chelsea,19,2003,9,2,227,2.5,1,1,2,1,0,0,2,0,0.2,0.2,0.3,0.5,4,12,19,0.40,0.40,0.79,0.40,0.79,0.06,0.13,0.19,0.06,0.19
Bobby Clark,eng ENG,MF,Liverpool,18,2005,5,1,89,1.0,0,0,0,0,0,0,0,0,0.1,0.1,0.0,0.1,3,3,7,0.00,0.00,0.00,0.00,0.00,0.14,0.00,0.14,0.14,0.14
Nathan Collins,ie IRL,DF,Brentford,22,2001,32,29,"2,652",29.5,1,1,2,1,0,0,3,0,1.7,1.7,2.2,3.9,11,97,18,0.03,0.03,0.07,0.03,0.07,0.06,0.07,0.13,0.06,0.13
Levi Colwill,eng ENG,DF,Chelsea,20,2003,23,20,"1,797",20.0,1,1,2,1,0,0,2,0,1.3,1.3,1.2,2.5,23,73,27,0.05,0.05,0.10,0.05,0.10,0.06,0.06,0.12,0.06,0.12
Sam Curtis,ie IRL,DF,Sheffield Utd,17,2005,1,0,28,0.3,0,0,0,0,0,0,0,0,0.0,0.0,0.0,0.0,0,1,1,0.00,0.00,0.00,0.00,0.00,0.00,0.00,0.00,0.00,0.00
Ameen Al-Dakhil,be BEL,DF,Burnley,21,2002,13,12,"1,056",11.7,1,0,1,1,0,0,1,0,1.3,1.3,0.1,1.4,7,35,9,0.09,0.00,0.09,0.09,0.09,0.11,0.01,0.12,0.11,0.12
Mikkel Damsgaard,dk DEN,MF,Brentford,23,2000,23,7,842,9.4,0,2,2,0,0,0,2,0,0.9,0.9,1.4,2.4,16,61,32,0.00,0.21,0.21,0.00,0.21,0.10,0.16,0.25,0.10,0.25
Danilo,br BRA,MF,Nott'ham Forest,22,2001,29,20,"1,792",19.9,2,2,4,2,0,0,4,0,1.8,1.8,1.5,3.4,22,82,28,0.10,0.10,0.20,0.10,0.20,0.09,0.08,0.17,0.09,0.17
Jayden Danns,eng ENG,FW,Liverpool,17,2006,2,0,9,0.1,0,0,0,0,0,0,1,0,0.0,0.0,0.0,0.0,0,1,2,0.00,0.00,0.00,0.00,0.00,0.00,0.00,0.00,0.00,0.00
David Datro Fofana,ci CIV,FW,Burnley,20,2002,15,10,879,9.8,4,1,5,4,0,0,1,0,4.5,4.5,1.8,6.4,21,15,39,0.41,0.10,0.51,0.41,0.51,0.46,0.19,0.65,0.46,0.65
Amad Diallo,ci CIV,"FW,MF",Manchester Utd,21,2002,9,3,390,4.3,1,1,2,1,0,0,1,0,0.5,0.5,1.1,1.6,11,10,31,0.23,0.23,0.46,0.23,0.46,0.12,0.24,0.36,0.12,0.36
Amadou Diallo,eng ENG,MF,Newcastle Utd,20,2003,1,0,1,0.0,0,0,0,0,0,0,0,0,0.0,0.0,0.0,0.0,0,0,0,0.00,0.00,0.00,0.00,0.00,0.00,0.00,0.00,0.00,0.00
Ben Doak,sct SCO,FW,Liverpool,17,2005,1,0,14,0.2,0,0,0,0,0,0,0,0,0.0,0.0,0.0,0.0,0,0,0,0.00,0.00,0.00,0.00,0.00,0.00,0.00,0.00,0.00,0.00
Lewis Dobbin,eng ENG,MF,Everton,20,2003,12,1,232,2.6,1,0,1,1,0,0,1,0,0.3,0.3,0.5,0.8,6,3,20,0.39,0.00,0.39,0.39,0.39,0.11,0.19,0.30,0.11,0.30
Jeremy Doku,be BEL,"FW,MF",Manchester City,21,2002,29,18,"1,595",17.7,3,8,11,3,0,0,3,0,2.5,2.5,4.6,7.1,218,57,295,0.17,0.45,0.62,0.17,0.62,0.14,0.26,0.40,0.14,0.40
Jamie Donley,eng ENG,FW,Tottenham,18,2005,3,0,3,0.0,0,0,0,0,0,0,1,0,0.0,0.0,0.0,0.0,0,0,0,0.00,0.00,0.00,0.00,0.00,0.00,0.00,0.00,0.00,0.00
Cheick Doucouré,ml MLI,MF,Crystal Palace,23,2000,11,11,919,10.2,0,0,0,0,0,0,2,0,0.3,0.3,0.7,1.0,9,49,5,0.00,0.00,0.00,0.00,0.00,0.03,0.07,0.10,0.03,0.10
Alfie Doughty,eng ENG,DF,Luton Town,23,1999,37,34,"2,925",32.5,2,8,10,2,0,0,5,0,1.3,1.3,6.3,7.6,94,106,164,0.06,0.25,0.31,0.06,0.31,0.04,0.19,0.23,0.04,0.23
Tommy Doyle,eng ENG,MF,Wolves,21,2001,26,11,"1,222",13.6,0,0,0,0,0,0,2,0,0.4,0.4,0.4,0.9,21,81,17,0.00,0.00,0.00,0.00,0.00,0.03,0.03,0.06,0.03,0.06
Radu Drăgușin,ro ROU,DF,Tottenham,21,2002,9,4,429,4.8,0,0,0,0,0,0,1,0,0.1,0.1,0.0,0.1,5,8,1,0.00,0.00,0.00,0.00,0.00,0.03,0.00,0.03,0.03,0.03
Jhon Durán,co COL,"FW,MF",Aston Villa,19,2003,23,3,475,5.3,5,0,5,5,0,0,5,0,2.0,2.0,0.3,2.3,9,9,25,0.95,0.00,0.95,0.95,0.95,0.38,0.06,0.44,0.38,0.44
George Earthy,eng ENG,FW,West Ham,18,2004,3,0,34,0.4,1,0,1,1,0,0,0,0,0.3,0.3,0.0,0.3,0,1,3,2.65,0.00,2.65,2.65,2.65,0.82,0.00,0.82,0.82,0.82
Anthony Elanga,se SWE,"FW,MF",Nott'ham Forest,21,2002,36,25,"2,433",27.0,5,9,14,5,0,0,1,0,6.6,6.6,6.7,13.3,98,49,196,0.18,0.33,0.52,0.18,0.52,0.24,0.25,0.49,0.24,0.49
Harvey Elliott,eng ENG,"MF,FW",Liverpool,20,2003,34,11,"1,352",15.0,3,6,9,3,0,0,2,0,2.7,2.7,3.5,6.2,44,128,122,0.20,0.40,0.60,0.20,0.60,0.18,0.23,0.42,0.18,0.42
Julio Enciso,py PAR,"MF,FW",Brighton,19,2004,12,5,475,5.3,0,2,2,0,0,0,2,0,1.4,1.4,1.7,3.2,28,21,29,0.00,0.38,0.38,0.00,0.38,0.27,0.32,0.59,0.27,0.59
Maxime Estève,fr FRA,DF,Burnley,21,2002,16,15,"1,309",14.5,0,0,0,0,0,0,6,0,0.3,0.3,0.0,0.3,15,40,3,0.00,0.00,0.00,0.00,0.00,0.02,0.00,0.02,0.02,0.02
Ansu Fati,es ESP,"MF,FW",Brighton,20,2002,19,3,521,5.8,2,0,2,2,0,0,2,0,3.4,3.4,0.8,4.2,16,28,50,0.35,0.00,0.35,0.35,0.35,0.59,0.14,0.73,0.59,0.73
Evan Ferguson,ie IRL,FW,Brighton,18,2004,27,15,"1,367",15.2,6,0,6,6,0,0,1,0,4.6,4.6,0.5,5.1,13,15,62,0.40,0.00,0.40,0.40,0.40,0.30,0.04,0.34,0.30,0.34
Enzo Fernández,ar ARG,MF,Chelsea,22,2001,28,26,"2,209",24.5,3,2,5,2,1,2,7,0,6.2,4.6,3.4,8.0,52,210,54,0.12,0.08,0.20,0.08,0.16,0.25,0.14,0.39,0.19,0.33
Phil Foden,eng ENG,"FW,MF",Manchester City,23,2000,35,33,"2,857",31.7,19,8,27,19,0,0,2,0,10.3,10.3,8.4,18.7,93,168,269,0.60,0.25,0.85,0.60,0.85,0.33,0.26,0.59,0.33,0.59
Omari Forson,eng ENG,FW,Manchester Utd,19,2004,4,1,70,0.8,0,1,1,0,0,0,0,0,0.0,0.0,0.2,0.2,1,2,2,0.00,1.29,1.29,0.00,1.29,0.04,0.23,0.27,0.04,0.27
Lyle Foster,za RSA,"FW,MF",Burnley,22,2000,24,22,"1,899",21.1,5,3,8,5,0,0,0,1,4.5,4.5,1.9,6.4,55,37,104,0.24,0.14,0.38,0.24,0.38,0.21,0.09,0.30,0.21,0.30
Matheus França,br BRA,"MF,FW",Crystal Palace,19,2004,10,1,232,2.6,0,1,1,0,0,0,1,0,0.4,0.4,0.9,1.2,12,8,12,0.00,0.39,0.39,0.00,0.39,0.14,0.34,0.48,0.14,0.48
Nathan Fraser,ie IRL,FW,Wolves,18,2005,7,1,186,2.1,0,0,0,0,0,0,1,0,0.3,0.3,0.1,0.4,1,2,21,0.00,0.00,0.00,0.00,0.00,0.16,0.04,0.19,0.16,0.19
Conor Gallagher,eng ENG,MF,Chelsea,23,2000,37,37,"3,128",34.8,5,7,12,5,0,0,9,1,4.2,4.2,5.0,9.2,62,172,122,0.14,0.20,0.35,0.14,0.35,0.12,0.15,0.27,0.12,0.27
Alejandro Garnacho,ar ARG,FW,Manchester Utd,19,2004,36,30,"2,565",28.5,7,4,11,7,0,0,4,0,8.4,8.3,5.1,13.4,178,62,281,0.25,0.14,0.39,0.25,0.39,0.29,0.18,0.47,0.29,0.47
James Garner,eng ENG,MF,Everton,22,2001,37,34,"3,004",33.4,1,2,3,1,0,0,7,0,2.7,2.7,4.6,7.3,36,100,76,0.03,0.06,0.09,0.03,0.09,0.08,0.14,0.22,0.08,0.22
Morgan Gibbs-White,eng ENG,"MF,FW",Nott'ham Forest,23,2000,37,35,"3,156",35.1,5,10,15,4,1,1,9,0,6.9,6.1,8.4,14.5,79,171,181,0.14,0.29,0.43,0.11,0.40,0.20,0.24,0.44,0.17,0.41
Bryan Gil,es ESP,"FW,MF",Tottenham,22,2001,11,2,209,2.3,0,0,0,0,0,0,0,0,0.8,0.8,0.2,1.0,11,16,49,0.00,0.00,0.00,0.00,0.00,0.32,0.09,0.41,0.32,0.41
Alfie Gilchrist,eng ENG,DF,Chelsea,19,2003,11,2,207,2.3,1,0,1,1,0,0,1,0,0.3,0.3,0.0,0.3,1,7,4,0.43,0.00,0.43,0.43,0.43,0.14,0.00,0.14,0.14,0.14
Ryan Giles,eng ENG,"DF,MF",Luton Town,23,2000,11,5,503,5.6,0,0,0,0,0,0,0,0,0.1,0.1,0.2,0.3,9,17,30,0.00,0.00,0.00,0.00,0.00,0.02,0.04,0.06,0.02,0.06
Billy Gilmour,sct SCO,MF,Brighton,22,2001,30,24,"2,120",23.6,0,1,1,0,0,0,8,1,1.0,1.0,2.0,3.0,39,193,33,0.00,0.04,0.04,0.00,0.04,0.04,0.09,0.13,0.04,0.13
João Gomes,br BRA,MF,Wolves,22,2001,34,32,"2,649",29.4,2,1,3,2,0,0,11,0,1.7,1.7,1.1,2.8,28,101,44,0.07,0.03,0.10,0.07,0.10,0.06,0.04,0.10,0.06,0.10
Sergio Gómez,es ESP,"FW,MF",Manchester City,22,2000,6,0,53,0.6,0,1,1,0,0,0,0,0,0.2,0.2,0.2,0.4,4,2,4,0.00,1.70,1.70,0.00,1.70,0.41,0.31,0.73,0.41,0.73
Enso Gonzalez,py PAR,"MF,DF",Wolves,18,2005,1,0,1,0.0,0,0,0,0,0,0,0,0,0.0,0.0,0.0,0.0,0,0,2,0.00,0.00,0.00,0.00,0.00,0.00,0.00,0.00,0.00,0.00
Anthony Gordon,eng ENG,FW,Newcastle Utd,22,2001,35,34,"2,890",32.1,11,10,21,10,1,1,12,1,10.2,9.4,8.0,17.4,138,101,232,0.34,0.31,0.65,0.31,0.62,0.32,0.25,0.57,0.29,0.54
Kaide Gordon,eng ENG,FW,Liverpool,18,2004,1,0,1,0.0,0,0,0,0,0,0,0,0,0.0,0.0,0.0,0.0,0,1,0,0.00,0.00,0.00,0.00,0.00,0.00,0.00,0.00,0.00,0.00
Daniel Gore,eng ENG,MF,Manchester Utd,18,2004,1,0,1,0.0,0,0,0,0,0,0,0,0,0.0,0.0,0.0,0.0,0,0,0,0.00,0.00,0.00,0.00,0.00,0.00,0.00,0.00,0.00,0.00
Ryan Gravenberch,nl NED,MF,Liverpool,21,2002,26,12,"1,121",12.5,1,0,1,1,0,0,0,0,2.0,2.0,0.9,2.9,39,78,71,0.08,0.00,0.08,0.08,0.08,0.16,0.07,0.23,0.16,0.23
Marc Guéhi,eng ENG,DF,Crystal Palace,23,2000,25,23,"2,021",22.5,0,1,1,0,0,0,2,0,0.6,0.6,0.6,1.2,15,67,7,0.00,0.04,0.04,0.00,0.04,0.03,0.03,0.05,0.03,0.05
Malo Gusto,fr FRA,DF,Chelsea,20,2003,27,19,"1,751",19.5,0,6,6,0,0,0,7,1,0.9,0.9,4.3,5.2,78,86,135,0.00,0.31,0.31,0.00,0.31,0.05,0.22,0.27,0.05,0.27
Joško Gvardiol,hr CRO,DF,Manchester City,21,2002,28,26,"2,328",25.9,4,1,5,4,0,0,3,0,3.1,3.1,1.4,4.5,63,136,115,0.15,0.04,0.19,0.15,0.19,0.12,0.06,0.18,0.12,0.18
Erling Haaland,no NOR,FW,Manchester City,23,2000,31,29,"2,552",28.4,27,5,32,20,7,8,1,0,29.2,22.9,4.3,27.2,35,26,126,0.95,0.18,1.13,0.71,0.88,1.03,0.15,1.18,0.81,0.96
Antwoine Hackford,eng ENG,FW,Sheffield Utd,19,2004,2,0,13,0.1,0,0,0,0,0,0,0,0,0.0,0.0,0.0,0.0,0,0,0,0.00,0.00,0.00,0.00,0.00,0.00,0.00,0.00,0.00,0.00
Lewis Hall,eng ENG,DF,Newcastle Utd,18,2004,18,8,781,8.7,1,0,1,1,0,0,2,0,0.3,0.3,0.3,0.6,19,46,27,0.12,0.00,0.12,0.12,0.12,0.04,0.03,0.07,0.04,0.07
Luke Harris,wls WAL,MF,Fulham,18,2005,1,0,75,0.8,0,0,0,0,0,0,0,0,0.3,0.3,0.0,0.3,0,1,0,0.00,0.00,0.00,0.00,0.00,0.33,0.00,0.33,0.33,0.33
Jan Paul van Hecke,nl NED,DF,Brighton,23,2000,28,26,"2,369",26.3,0,0,0,0,0,0,4,0,1.2,1.2,0.9,2.1,25,147,7,0.00,0.00,0.00,0.00,0.00,0.05,0.03,0.08,0.05,0.08
Aaron Hickey,sct SCO,DF,Brentford,21,2002,9,9,713,7.9,0,0,0,0,0,0,5,0,0.2,0.2,0.1,0.3,9,21,13,0.00,0.00,0.00,0.00,0.00,0.03,0.01,0.04,0.03,0.04
James Hill,eng ENG,DF,Bournemouth,21,2002,5,1,76,0.8,0,0,0,0,0,0,0,0,0.0,0.0,0.0,0.0,0,5,1,0.00,0.00,0.00,0.00,0.00,0.00,0.00,0.00,0.00,0.00
Jack Hinshelwood,eng ENG,DF,Brighton,18,2005,12,8,869,9.7,3,0,3,3,0,0,1,0,1.9,1.9,0.7,2.5,16,19,38,0.31,0.00,0.31,0.31,0.31,0.19,0.07,0.26,0.19,0.26
Callum Hudson-Odoi,eng ENG,"FW,MF",Nott'ham Forest,22,2000,29,20,"1,854",20.6,8,1,9,8,0,0,0,0,2.7,2.7,2.8,5.5,111,58,173,0.39,0.05,0.44,0.39,0.44,0.13,0.14,0.27,0.13,0.27
Rasmus Højlund,dk DEN,FW,Manchester Utd,20,2003,30,25,"2,158",24.0,10,2,12,10,0,0,2,0,7.6,7.6,1.6,9.2,35,33,111,0.42,0.08,0.50,0.42,0.50,0.32,0.07,0.38,0.32,0.38
Tim Iroegbunam,eng ENG,MF,Aston Villa,20,2003,9,1,164,1.8,0,0,0,0,0,0,0,0,0.0,0.0,0.0,0.0,3,1,0,0.00,0.00,0.00,0.00,0.00,0.00,0.00,0.00,0.00,0.00
Alexander Isak,se SWE,FW,Newcastle Utd,23,1999,30,27,"2,255",25.1,21,2,23,16,5,6,1,0,20.3,15.6,3.7,19.3,68,71,129,0.84,0.08,0.92,0.64,0.72,0.81,0.15,0.96,0.62,0.77
Nicolas Jackson,sn SEN,FW,Chelsea,22,2001,35,31,"2,799",31.1,14,5,19,14,0,0,10,0,18.6,18.6,4.3,22.9,70,67,200,0.45,0.16,0.61,0.45,0.61,0.60,0.14,0.74,0.60,0.74
Reece James,eng ENG,DF,Chelsea,23,1999,10,5,419,4.7,0,2,2,0,0,0,2,2,0.3,0.3,1.7,2.1,19,21,35,0.00,0.43,0.43,0.00,0.43,0.07,0.37,0.44,0.07,0.44
Daniel Jebbison,eng ENG,FW,Sheffield Utd,19,2003,1,0,21,0.2,0,0,0,0,0,0,0,0,0.0,0.0,0.0,0.0,0,0,1,0.00,0.00,0.00,0.00,0.00,0.00,0.00,0.00,0.00,0.00
João Pedro,br BRA,"FW,MF",Brighton,21,2001,31,19,"2,045",22.7,9,3,12,5,4,5,2,0,11.9,7.9,3.8,11.7,83,92,205,0.40,0.13,0.53,0.22,0.35,0.53,0.17,0.69,0.35,0.51
Ben Johnson,eng ENG,"DF,FW",West Ham,23,2000,14,4,544,6.0,0,0,0,0,0,0,1,0,0.2,0.2,0.0,0.2,17,22,33,0.00,0.00,0.00,0.00,0.00,0.03,0.00,0.03,0.03,0.03
Brennan Johnson,wls WAL,FW,Tottenham,22,2001,32,23,"2,085",23.2,5,10,15,5,0,0,3,0,10.3,10.3,8.1,18.3,97,72,293,0.22,0.43,0.65,0.22,0.65,0.44,0.35,0.79,0.44,0.79
Brennan Johnson,wls WAL,"FW,MF",Nott'ham Forest,22,2001,3,3,237,2.6,0,0,0,0,0,0,0,0,0.3,0.3,0.2,0.5,8,1,14,0.00,0.00,0.00,0.00,0.00,0.12,0.08,0.21,0.12,0.21
Joseph Johnson,eng ENG,DF,Luton Town,17,2006,2,0,77,0.9,0,0,0,0,0,0,1,0,0.0,0.0,0.0,0.0,0,2,1,0.00,0.00,0.00,0.00,0.00,0.00,0.00,0.00,0.00,0.00
Curtis Jones,eng ENG,MF,Liverpool,22,2001,23,14,"1,167",13.0,1,1,2,1,0,0,3,1,2.6,2.6,0.7,3.3,31,74,88,0.08,0.08,0.15,0.08,0.15,0.20,0.05,0.25,0.20,0.25
Hamed Junior Traorè,ci CIV,MF,Bournemouth,23,2000,3,0,47,0.5,0,0,0,0,0,0,0,0,0.2,0.2,0.0,0.2,2,3,4,0.00,0.00,0.00,0.00,0.00,0.34,0.07,0.41,0.34,0.41
Issa Kaboré,bf BFA,DF,Luton Town,22,2001,24,21,"1,729",19.2,0,2,2,0,0,0,7,0,0.2,0.2,2.1,2.3,60,54,85,0.00,0.10,0.10,0.00,0.10,0.01,0.11,0.12,0.01,0.12
Boubacar Kamara,fr FRA,MF,Aston Villa,23,1999,20,20,"1,652",18.4,0,1,1,0,0,0,7,1,0.1,0.1,1.3,1.4,19,83,10,0.00,0.05,0.05,0.00,0.05,0.01,0.07,0.08,0.01,0.08
Willy Kambwala,fr FRA,DF,Manchester Utd,18,2004,8,3,330,3.7,0,0,0,0,0,0,1,0,0.0,0.0,0.0,0.0,2,8,1,0.00,0.00,0.00,0.00,0.00,0.00,0.00,0.00,0.00,0.00
Omari Kellyman,eng ENG,FW,Aston Villa,17,2005,2,0,37,0.4,0,0,0,0,0,0,0,0,0.1,0.1,0.0,0.1,1,0,0,0.00,0.00,0.00,0.00,0.00,0.17,0.00,0.17,0.17,0.17
Milos Kerkez,hu HUN,DF,Bournemouth,19,2003,28,22,"1,970",21.9,0,1,1,0,0,0,4,1,1.2,1.2,0.8,2.0,46,44,93,0.00,0.05,0.05,0.00,0.05,0.06,0.04,0.09,0.06,0.09
Kaine Kesler-Hayden,eng ENG,"MF,DF",Aston Villa,20,2002,3,0,6,0.1,0,0,0,0,0,0,0,0,0.0,0.0,0.0,0.0,0,0,0,0.00,0.00,0.00,0.00,0.00,0.00,0.00,0.00,0.00,0.00
Jakub Kiwior,pl POL,DF,Arsenal,23,2000,20,11,946,10.5,1,3,4,1,0,0,1,0,0.8,0.8,0.9,1.7,4,55,16,0.10,0.29,0.38,0.10,0.38,0.08,0.09,0.16,0.08,0.16
Luca Koleosho,it ITA,"MF,FW",Burnley,18,2004,15,13,974,10.8,1,1,2,1,0,0,0,0,2.0,2.0,1.3,3.3,53,19,82,0.09,0.09,0.18,0.09,0.18,0.18,0.12,0.30,0.18,0.30
Mohammed Kudus,gh GHA,"FW,MF",West Ham,22,2000,33,27,"2,484",27.6,8,6,14,8,0,0,6,0,5.1,5.1,3.5,8.6,117,80,216,0.29,0.22,0.51,0.29,0.51,0.19,0.13,0.31,0.19,0.31
Dejan Kulusevski,se SWE,"FW,MF",Tottenham,23,2000,36,31,"2,762",30.7,8,3,11,8,0,0,7,0,4.7,4.7,7.7,12.4,151,144,388,0.26,0.10,0.36,0.26,0.36,0.15,0.25,0.40,0.15,0.40
Tariq Lamptey,gh GHA,"DF,FW",Brighton,22,2000,19,10,914,10.2,0,3,3,0,0,0,3,0,0.4,0.4,1.2,1.7,39,17,64,0.00,0.30,0.30,0.00,0.30,0.04,0.12,0.16,0.04,0.16
Yasser Larouci,dz ALG,DF,Sheffield Utd,22,2001,11,6,531,5.9,0,0,0,0,0,0,1,0,0.2,0.2,0.3,0.5,18,14,12,0.00,0.00,0.00,0.00,0.00,0.04,0.05,0.09,0.04,0.09
Roméo Lavia,be BEL,MF,Chelsea,19,2004,1,0,33,0.4,0,0,0,0,0,0,0,0,0.0,0.0,0.0,0.0,0,1,0,0.00,0.00,0.00,0.00,0.00,0.00,0.00,0.00,0.00,0.00
Rico Lewis,eng ENG,"DF,MF",Manchester City,18,2004,16,8,809,9.0,2,0,2,2,0,0,1,0,0.6,0.6,1.1,1.8,21,33,46,0.22,0.00,0.22,0.22,0.22,0.07,0.12,0.19,0.07,0.19
Keane Lewis-Potter,eng ENG,"FW,DF",Brentford,22,2001,30,15,"1,441",16.0,3,1,4,3,0,0,0,0,6.3,6.3,1.7,8.0,56,32,135,0.19,0.06,0.25,0.19,0.25,0.39,0.11,0.50,0.39,0.50
Valentino Livramento,eng ENG,DF,Newcastle Utd,20,2002,26,12,"1,314",14.6,1,0,1,1,0,0,1,0,0.4,0.4,0.8,1.2,44,61,76,0.07,0.00,0.07,0.07,0.07,0.03,0.05,0.08,0.03,0.08
Ian Maatsen,nl NED,"FW,MF",Chelsea,21,2002,12,1,209,2.3,0,0,0,0,0,0,1,0,0.8,0.8,0.1,0.9,9,8,15,0.00,0.00,0.00,0.00,0.00,0.35,0.04,0.39,0.35,0.39
Noni Madueke,eng ENG,FW,Chelsea,21,2002,23,13,"1,053",11.7,5,2,7,4,1,1,2,0,2.5,1.7,2.6,4.3,76,52,136,0.43,0.17,0.60,0.34,0.51,0.21,0.23,0.44,0.14,0.37
Kobbie Mainoo,eng ENG,MF,Manchester Utd,18,2005,24,24,"1,924",21.4,3,1,4,3,0,0,3,0,0.9,0.9,0.7,1.6,25,64,36,0.14,0.05,0.19,0.14,0.19,0.04,0.03,0.07,0.04,0.07
Gabriel Martinelli,br BRA,FW,Arsenal,22,2001,35,24,"2,019",22.4,6,4,10,6,0,0,1,0,6.8,6.8,6.1,12.9,127,65,345,0.27,0.18,0.45,0.27,0.45,0.31,0.27,0.58,0.31,0.58
Han-Noah Massengo,fr FRA,"MF,DF",Burnley,22,2001,3,0,16,0.2,0,0,0,0,0,0,0,0,0.0,0.0,0.0,0.0,2,0,0,0.00,0.00,0.00,0.00,0.00,0.00,0.00,0.00,0.00,0.00
Pape Matar Sarr,sn SEN,MF,Tottenham,20,2002,34,27,"2,069",23.0,3,3,6,3,0,0,9,0,3.4,3.4,2.2,5.7,43,150,90,0.13,0.13,0.26,0.13,0.26,0.15,0.10,0.25,0.15,0.25
Alex Matos,eng ENG,MF,Chelsea,18,2004,1,0,1,0.0,0,0,0,0,0,0,0,0,0.0,0.0,0.0,0.0,0,0,0,0.00,0.00,0.00,0.00,0.00,0.00,0.00,0.00,0.00,0.00
Bryan Mbeumo,cm CMR,FW,Brentford,23,1999,25,22,"1,960",21.8,9,6,15,6,3,3,2,0,9.8,7.4,4.6,12.1,74,88,195,0.41,0.28,0.69,0.28,0.55,0.45,0.21,0.66,0.34,0.55
James Mcatee,eng ENG,"MF,FW",Sheffield Utd,20,2002,30,20,"1,822",20.2,3,3,6,2,1,1,2,0,3.1,2.3,2.9,5.2,56,51,110,0.15,0.15,0.30,0.10,0.25,0.15,0.15,0.30,0.11,0.26
James Mcatee,eng ENG,MF,Manchester City,20,2002,1,0,1,0.0,0,0,0,0,0,0,0,0,0.0,0.0,0.0,0.0,0,0,0,0.00,0.00,0.00,0.00,0.00,0.00,0.00,0.00,0.00,0.00
James McConnell,eng ENG,MF,Liverpool,18,2004,3,0,4,0.0,0,0,0,0,0,0,0,0,0.0,0.0,0.0,0.0,0,1,0,0.00,0.00,0.00,0.00,0.00,0.00,0.00,0.00,0.00,0.00
Dwight McNeil,eng ENG,"MF,FW",Everton,23,1999,35,33,"2,892",32.1,3,6,9,3,0,0,2,0,3.4,3.4,8.8,12.2,80,114,147,0.09,0.19,0.28,0.09,0.28,0.11,0.27,0.38,0.11,0.38
Hannibal Mejbri,tn TUN,"MF,FW",Manchester Utd,20,2003,5,1,133,1.5,1,0,1,1,0,0,1,0,0.0,0.0,0.4,0.4,2,6,10,0.68,0.00,0.68,0.68,0.68,0.02,0.25,0.27,0.02,0.27
Teden Mengi,eng ENG,DF,Luton Town,21,2002,30,28,"2,469",27.4,1,0,1,1,0,0,3,0,0.6,0.6,0.3,0.9,15,54,1,0.04,0.00,0.04,0.04,0.04,0.02,0.01,0.03,0.02,0.03
Lewis Miley,eng ENG,MF,Newcastle Utd,17,2006,17,14,"1,202",13.4,1,3,4,1,0,0,1,0,1.2,1.2,1.7,2.9,14,53,54,0.07,0.22,0.30,0.07,0.30,0.09,0.13,0.22,0.09,0.22
Tyrick Mitchell,eng ENG,"DF,MF",Crystal Palace,23,1999,37,37,"3,204",35.6,2,3,5,2,0,0,6,0,1.6,1.6,2.8,4.4,32,94,159,0.06,0.08,0.14,0.06,0.14,0.04,0.08,0.12,0.04,0.12
Mikey Moore,eng ENG,MF,Tottenham,15,2007,2,0,4,0.0,0,0,0,0,0,0,0,0,0.0,0.0,0.0,0.0,2,1,2,0.00,0.00,0.00,0.00,0.00,0.00,0.00,0.00,0.00,0.00
Divin Mubama,eng ENG,FW,West Ham,18,2004,5,0,80,0.9,0,0,0,0,0,0,0,0,0.1,0.1,0.0,0.1,0,0,5,0.00,0.00,0.00,0.00,0.00,0.17,0.00,0.17,0.17,0.17
Mykhailo Mudryk,ua UKR,FW,Chelsea,22,2001,31,18,"1,576",17.5,5,2,7,5,0,0,5,0,4.4,4.4,4.1,8.5,92,45,139,0.29,0.11,0.40,0.29,0.40,0.25,0.23,0.48,0.25,0.48
Rodrigo Muniz,br BRA,FW,Fulham,22,2001,26,18,"1,593",17.7,9,1,10,9,0,0,1,0,8.7,8.7,2.0,10.7,8,19,76,0.51,0.06,0.56,0.51,0.56,0.49,0.12,0.61,0.49,0.61
Finley Munroe,eng ENG,MF,Aston Villa,18,2005,1,0,4,0.0,0,0,0,0,0,0,0,0,0.0,0.0,0.0,0.0,0,0,0,0.00,0.00,0.00,0.00,0.00,0.00,0.00,0.00,0.00,0.00
Murillo,br BRA,DF,Nott'ham Forest,21,2002,32,32,"2,789",31.0,0,2,2,0,0,0,5,0,1.8,1.8,1.2,3.0,22,89,7,0.00,0.06,0.06,0.00,0.06,0.06,0.04,0.10,0.06,0.10
Alex Murphy,ie IRL,"DF,FW",Newcastle Utd,19,2004,2,0,13,0.1,0,0,0,0,0,0,0,0,0.0,0.0,0.0,0.0,0,1,0,0.00,0.00,0.00,0.00,0.00,0.00,0.00,0.00,0.00,0.00
Michael Ndiweni,eng ENG,FW,Newcastle Utd,19,2003,1,0,1,0.0,0,0,0,0,0,0,0,0,0.0,0.0,0.0,0.0,0,0,0,0.00,0.00,0.00,0.00,0.00,0.00,0.00,0.00,0.00,0.00
Reiss Nelson,eng ENG,FW,Arsenal,23,1999,15,1,268,3.0,0,0,0,0,0,0,1,0,0.2,0.2,0.6,0.8,9,5,26,0.00,0.00,0.00,0.00,0.00,0.07,0.20,0.27,0.07,0.27
Zack Nelson,eng ENG,"MF,DF",Luton Town,18,2004,2,0,7,0.1,0,0,0,0,0,0,0,0,0.0,0.0,0.0,0.0,0,0,0,0.00,0.00,0.00,0.00,0.00,0.00,0.00,0.00,0.00,0.00
Pedro Neto,pt POR,"FW,MF",Wolves,23,2000,20,18,"1,516",16.8,2,9,11,2,0,0,4,0,3.5,3.5,4.4,7.9,98,54,149,0.12,0.53,0.65,0.12,0.65,0.21,0.26,0.47,0.21,0.47
Ethan Nwaneri,eng ENG,FW,Arsenal,16,2007,1,0,14,0.2,0,0,0,0,0,0,0,0,0.0,0.0,0.0,0.0,2,2,1,0.00,0.00,0.00,0.00,0.00,0.00,0.15,0.15,0.00,0.15
Mark O'Mahony,ie IRL,FW,Brighton,18,2005,3,1,63,0.7,0,0,0,0,0,0,1,0,0.1,0.1,0.0,0.1,0,0,0,0.00,0.00,0.00,0.00,0.00,0.08,0.00,0.08,0.08,0.08
Michael Obafemi,ie IRL,"FW,MF",Burnley,23,2000,2,0,20,0.2,0,0,0,0,0,0,0,0,0.1,0.1,0.0,0.1,0,0,3,0.00,0.00,0.00,0.00,0.00,0.40,0.00,0.40,0.40,0.40
Wilson Odobert,fr FRA,"MF,FW",Burnley,18,2004,29,25,"2,098",23.3,3,2,5,3,0,0,3,0,2.8,2.8,3.3,6.1,102,58,123,0.13,0.09,0.21,0.13,0.21,0.12,0.14,0.26,0.12,0.26
Odeluga Offiah,eng ENG,DF,Brighton,20,2002,4,1,128,1.4,0,0,0,0,0,0,0,0,0.0,0.0,0.0,0.0,9,4,9,0.00,0.00,0.00,0.00,0.00,0.00,0.00,0.00,0.00,0.00
Michael Olakigbe,eng ENG,"DF,FW",Brentford,19,2004,8,0,59,0.7,0,0,0,0,0,0,0,0,0.1,0.1,0.0,0.1,10,4,17,0.00,0.00,0.00,0.00,0.00,0.18,0.00,0.18,0.18,0.18
Michael Olise,fr FRA,"FW,MF",Crystal Palace,21,2001,19,14,"1,275",14.2,10,6,16,9,1,1,0,0,5.5,4.7,5.8,10.5,68,78,134,0.71,0.42,1.13,0.64,1.06,0.39,0.41,0.80,0.33,0.74
Andrew Omobamidele,ie IRL,DF,Nott'ham Forest,21,2002,11,8,783,8.7,0,0,0,0,0,0,2,0,0.1,0.1,0.1,0.2,1,8,0,0.00,0.00,0.00,0.00,0.00,0.02,0.01,0.03,0.02,0.03
Amadou Onana,be BEL,MF,Everton,21,2001,30,23,"2,091",23.2,2,0,2,2,0,0,5,0,2.0,2.0,2.7,4.7,21,107,39,0.09,0.00,0.09,0.09,0.09,0.09,0.11,0.20,0.09,0.20
Ryan One,sct SCO,FW,Sheffield Utd,17,2006,1,0,8,0.1,0,0,0,0,0,0,0,0,0.0,0.0,0.0,0.0,1,0,0,0.00,0.00,0.00,0.00,0.00,0.00,0.00,0.00,0.00,0.00
Tyler Onyango,eng ENG,MF,Everton,20,2003,1,0,1,0.0,0,0,0,0,0,0,0,0,0.0,0.0,0.0,0.0,0,0,0,0.00,0.00,0.00,0.00,0.00,0.00,0.00,0.00,0.00,0.00
William Osula,dk DEN,FW,Sheffield Utd,19,2003,21,9,786,8.7,0,0,0,0,0,0,4,0,1.6,1.6,0.1,1.7,7,2,41,0.00,0.00,0.00,0.00,0.00,0.19,0.01,0.20,0.19,0.20
Dango Ouattara,bf BFA,"FW,DF",Bournemouth,21,2002,30,12,"1,229",13.7,1,2,3,1,0,0,3,0,2.6,2.6,1.5,4.1,47,35,90,0.07,0.15,0.22,0.07,0.22,0.19,0.11,0.30,0.19,0.30
David Ozoh,eng ENG,"MF,DF",Crystal Palace,18,2005,9,0,156,1.7,0,0,0,0,0,0,1,0,0.0,0.0,0.0,0.0,2,4,3,0.00,0.00,0.00,0.00,0.00,0.00,0.00,0.00,0.00,0.00
Cole Palmer,eng ENG,"FW,MF",Chelsea,21,2002,33,29,"2,607",29.0,22,11,33,13,9,9,7,0,18.2,11.1,11.1,22.2,117,197,195,0.76,0.38,1.14,0.45,0.83,0.63,0.38,1.01,0.38,0.77
Cole Palmer,eng ENG,MF,Manchester City,21,2002,1,0,11,0.1,0,0,0,0,0,0,0,0,0.0,0.0,0.0,0.0,0,0,0,0.00,0.00,0.00,0.00,0.00,0.00,0.00,0.00,0.00,0.00
Ben Parkinson,eng ENG,FW,Newcastle Utd,18,2005,1,0,25,0.3,0,0,0,0,0,0,0,0,0.0,0.0,0.0,0.0,0,0,0,0.00,0.00,0.00,0.00,0.00,0.00,0.00,0.00,0.00,0.00
Nathan Patterson,sct SCO,DF,Everton,21,2001,20,9,"1,005",11.2,0,2,2,0,0,0,4,0,0.3,0.3,1.7,2.0,17,38,39,0.00,0.18,0.18,0.00,0.18,0.03,0.15,0.18,0.03,0.18
Myles Peart-Harris,eng ENG,"DF,MF",Brentford,20,2002,3,0,13,0.1,0,0,0,0,0,0,0,0,0.0,0.0,0.0,0.0,2,1,1,0.00,0.00,0.00,0.00,0.00,0.00,0.12,0.12,0.00,0.12
Sydie Peck,eng ENG,MF,Sheffield Utd,18,2004,1,0,10,0.1,0,0,0,0,0,0,0,0,0.0,0.0,0.0,0.0,0,0,0,0.00,0.00,0.00,0.00,0.00,0.00,0.00,0.00,0.00,0.00
Facundo Pellistri,uy URU,"FW,MF",Manchester Utd,21,2001,9,1,172,1.9,0,1,1,0,0,0,0,0,0.7,0.7,0.1,0.8,6,6,31,0.00,0.52,0.52,0.00,0.52,0.38,0.05,0.43,0.38,0.43
Đorđe Petrović,rs SRB,GK,Chelsea,23,1999,23,22,"1,987",22.1,0,0,0,0,0,0,2,0,0.0,0.0,0.0,0.0,0,1,0,0.00,0.00,0.00,0.00,0.00,0.00,0.00,0.00,0.00,0.00
Jaden Philogene Bidace,eng ENG,FW,Aston Villa,21,2002,1,0,4,0.0,0,0,0,0,0,0,0,0,0.0,0.0,0.0,0.0,2,0,1,0.00,0.00,0.00,0.00,0.00,0.00,0.00,0.00,0.00,0.00
Pedro Porro,es ESP,DF,Tottenham,23,1999,35,35,"3,089",34.3,3,7,10,3,0,0,3,0,2.9,2.9,7.2,10.1,57,194,158,0.09,0.20,0.29,0.09,0.29,0.09,0.21,0.30,0.09,0.30
Jarell Quansah,eng ENG,DF,Liverpool,20,2003,17,13,"1,190",13.2,2,0,2,2,0,0,1,0,1.0,1.0,0.1,1.1,13,67,1,0.15,0.00,0.15,0.15,0.15,0.08,0.01,0.08,0.08,0.08
Jesurun Rak Sakyi,eng ENG,"MF,FW",Crystal Palace,20,2002,6,0,136,1.5,0,0,0,0,0,0,0,0,0.4,0.4,0.2,0.6,7,2,18,0.00,0.00,0.00,0.00,0.00,0.28,0.10,0.38,0.28,0.38
Aaron Ramsey,eng ENG,"MF,FW",Burnley,20,2003,14,5,527,5.9,0,0,0,0,0,0,1,0,0.3,0.3,0.4,0.7,8,8,17,0.00,0.00,0.00,0.00,0.00,0.06,0.07,0.13,0.06,0.13
Jacob Ramsey,eng ENG,"FW,MF",Aston Villa,22,2001,16,8,853,9.5,1,1,2,1,0,0,2,0,2.2,2.2,1.0,3.2,33,28,69,0.11,0.11,0.21,0.11,0.21,0.23,0.11,0.34,0.23,0.34
Gio Reyna,us USA,"FW,MF",Nott'ham Forest,20,2002,9,2,235,2.6,0,1,1,0,0,0,0,0,0.3,0.3,0.5,0.8,3,12,14,0.00,0.38,0.38,0.00,0.38,0.11,0.18,0.29,0.11,0.29
Rodrigo Ribeiro,pt POR,"MF,FW",Nott'ham Forest,18,2005,4,0,17,0.2,0,0,0,0,0,0,0,0,0.0,0.0,0.0,0.0,2,2,1,0.00,0.00,0.00,0.00,0.00,0.00,0.00,0.00,0.00,0.00
Chris Richards,us USA,"DF,MF",Crystal Palace,23,2000,26,23,"2,094",23.3,1,1,2,1,0,0,3,0,0.6,0.6,0.4,1.0,1,43,1,0.04,0.04,0.09,0.04,0.09,0.03,0.02,0.04,0.03,0.04
Morgan Rogers,eng ENG,"MF,FW",Aston Villa,21,2002,11,8,638,7.1,3,1,4,3,0,0,3,0,1.4,1.4,0.6,2.0,22,28,30,0.42,0.14,0.56,0.42,0.56,0.19,0.09,0.28,0.19,0.28
Dominic Sadi,eng ENG,FW,Bournemouth,19,2003,1,0,1,0.0,0,0,0,0,0,0,0,0,0.0,0.0,0.0,0.0,0,0,0,0.00,0.00,0.00,0.00,0.00,0.00,0.00,0.00,0.00,0.00
Bukayo Saka,eng ENG,FW,Arsenal,21,2001,35,35,"2,919",32.4,16,9,25,10,6,6,4,0,15.5,10.8,10.5,21.2,155,126,508,0.49,0.28,0.77,0.31,0.59,0.48,0.32,0.80,0.33,0.65
William Saliba,fr FRA,DF,Arsenal,22,2001,38,38,"3,420",38.0,2,1,3,2,0,0,4,0,1.6,1.6,0.2,1.8,16,157,6,0.05,0.03,0.08,0.05,0.08,0.04,0.01,0.05,0.04,0.05
Albert Sambi Lokonga,be BEL,MF,Luton Town,23,1999,17,16,"1,303",14.5,1,3,4,1,0,0,4,0,0.6,0.6,1.4,2.0,29,72,13,0.07,0.21,0.28,0.07,0.28,0.04,0.10,0.14,0.04,0.14
Jadon Sancho,eng ENG,"FW,MF",Manchester Utd,23,2000,3,0,79,0.9,0,0,0,0,0,0,0,0,0.0,0.0,0.1,0.1,10,4,5,0.00,0.00,0.00,0.00,0.00,0.00,0.06,0.06,0.00,0.06
Andrey Santos,br BRA,MF,Nott'ham Forest,19,2004,1,0,8,0.1,0,0,0,0,0,0,0,0,0.1,0.1,0.0,0.1,0,0,0,0.00,0.00,0.00,0.00,0.00,0.64,0.00,0.64,0.64,0.64
Dane Scarlett,eng ENG,FW,Tottenham,19,2004,4,0,22,0.2,0,0,0,0,0,0,0,0,0.0,0.0,0.0,0.0,0,1,4,0.00,0.00,0.00,0.00,0.00,0.00,0.00,0.00,0.00,0.00
Kevin Schade,de GER,"FW,MF",Brentford,21,2001,11,3,333,3.7,2,1,3,2,0,0,0,0,1.2,1.2,0.7,1.9,8,9,23,0.54,0.27,0.81,0.54,0.81,0.32,0.19,0.52,0.32,0.52
Alex Scott,eng ENG,MF,Bournemouth,19,2003,23,11,"1,014",11.3,1,1,2,1,0,0,3,0,0.7,0.7,1.7,2.4,24,50,35,0.09,0.09,0.18,0.09,0.18,0.06,0.15,0.22,0.06,0.22
Antoine Semenyo,gh GHA,FW,Bournemouth,23,2000,33,25,"2,105",23.4,8,2,10,8,0,0,6,0,4.6,4.6,3.2,7.8,89,64,188,0.34,0.09,0.43,0.34,0.43,0.20,0.14,0.34,0.20,0.34
Fábio Silva,pt POR,FW,Wolves,21,2002,8,3,264,2.9,0,0,0,0,0,0,2,0,1.0,1.0,0.2,1.2,5,10,13,0.00,0.00,0.00,0.00,0.00,0.35,0.07,0.42,0.35,0.42
Oliver Skipp,eng ENG,"MF,DF",Tottenham,22,2000,21,5,707,7.9,0,0,0,0,0,0,3,0,0.7,0.7,0.6,1.3,8,37,25,0.00,0.00,0.00,0.00,0.00,0.09,0.07,0.16,0.09,0.16
Emile Smith Rowe,eng ENG,MF,Arsenal,23,2000,13,3,353,3.9,0,1,1,0,0,0,0,0,2.0,2.0,0.2,2.2,11,23,18,0.00,0.25,0.25,0.00,0.25,0.50,0.06,0.56,0.50,0.56
Dominik Szoboszlai,hu HUN,MF,Liverpool,22,2000,33,25,"2,104",23.4,3,2,5,3,0,0,1,0,3.7,3.7,5.8,9.5,75,152,160,0.13,0.09,0.21,0.13,0.21,0.16,0.25,0.40,0.16,0.40
Jimi Tauriainen,eng ENG,FW,Chelsea,19,2004,1,0,1,0.0,0,0,0,0,0,0,0,0,0.0,0.0,0.0,0.0,0,0,0,0.00,0.00,0.00,0.00,0.00,0.00,0.00,0.00,0.00,0.00
Nuno Tavares,pt POR,DF,Nott'ham Forest,23,2000,8,5,457,5.1,0,0,0,0,0,0,2,0,0.2,0.2,0.5,0.7,14,24,12,0.00,0.00,0.00,0.00,0.00,0.03,0.10,0.13,0.03,0.13
Luke Thomas,eng ENG,DF,Sheffield Utd,22,2001,12,11,917,10.2,0,0,0,0,0,0,3,0,0.5,0.5,0.1,0.6,8,33,22,0.00,0.00,0.00,0.00,0.00,0.05,0.00,0.06,0.05,0.06
Jurriën Timber,nl NED,DF,Arsenal,22,2001,2,1,71,0.8,0,0,0,0,0,0,2,0,0.0,0.0,0.0,0.0,0,8,5,0.00,0.00,0.00,0.00,0.00,0.00,0.00,0.00,0.00,0.00
Sandro Tonali,it ITA,MF,Newcastle Utd,23,2000,8,5,438,4.9,1,0,1,1,0,0,2,0,0.7,0.7,0.6,1.3,11,19,21,0.21,0.00,0.21,0.21,0.21,0.13,0.13,0.26,0.13,0.26
James Trafford,eng ENG,GK,Burnley,20,2002,28,28,"2,520",28.0,0,0,0,0,0,0,2,0,0.0,0.0,0.0,0.0,0,6,0,0.00,0.00,0.00,0.00,0.00,0.00,0.00,0.00,0.00,0.00
Bénie Traoré,ci CIV,"FW,MF",Sheffield Utd,20,2002,8,3,387,4.3,0,0,0,0,0,0,0,0,0.3,0.3,0.5,0.8,7,9,14,0.00,0.00,0.00,0.00,0.00,0.06,0.13,0.19,0.06,0.19
Boubacar Traoré,ml MLI,MF,Wolves,21,2001,24,7,819,9.1,0,0,0,0,0,0,4,0,0.3,0.3,0.4,0.7,9,29,15,0.00,0.00,0.00,0.00,0.00,0.03,0.04,0.07,0.03,0.07
Destiny Udogie,it ITA,DF,Tottenham,20,2002,28,28,"2,391",26.6,2,3,5,2,0,0,7,1,2.4,2.4,2.2,4.6,83,155,138,0.08,0.11,0.19,0.08,0.19,0.09,0.08,0.17,0.09,0.17
Lesley Ugochukwu,fr FRA,MF,Chelsea,19,2004,12,3,301,3.3,0,0,0,0,0,0,2,0,0.0,0.0,0.1,0.1,8,17,3,0.00,0.00,0.00,0.00,0.00,0.00,0.03,0.03,0.00,0.03
Alejo Véliz,ar ARG,FW,Tottenham,19,2003,8,0,50,0.6,1,0,1,1,0,0,1,0,0.2,0.2,0.0,0.2,0,1,3,1.80,0.00,1.80,1.80,1.80,0.45,0.00,0.45,0.45,0.45
Micky van de Ven,nl NED,DF,Tottenham,22,2001,27,27,"2,339",26.0,3,0,3,3,0,0,5,0,0.6,0.6,0.0,0.6,19,108,9,0.12,0.00,0.12,0.12,0.12,0.02,0.00,0.02,0.02,0.02
Bart Verbruggen,nl NED,GK,Brighton,20,2002,21,21,"1,890",21.0,0,0,0,0,0,0,3,0,0.0,0.0,0.0,0.0,0,3,0,0.00,0.00,0.00,0.00,0.00,0.00,0.00,0.00,0.00,0.00
Fabio Vieira,pt POR,"MF,FW",Arsenal,23,2000,11,2,297,3.3,1,2,3,0,1,1,0,1,1.3,0.5,1.6,2.1,12,15,30,0.30,0.61,0.91,0.00,0.61,0.38,0.49,0.87,0.14,0.64
Lewis Warrington,eng ENG,FW,Everton,20,2002,1,0,1,0.0,0,0,0,0,0,0,0,0,0.0,0.0,0.0,0.0,0,0,0,0.00,0.00,0.00,0.00,0.00,0.00,0.00,0.00,0.00,0.00
Deivid Washington,br BRA,"DF,FW",Chelsea,18,2005,2,0,13,0.1,0,0,0,0,0,0,0,0,0.5,0.5,0.0,0.5,0,0,1,0.00,0.00,0.00,0.00,0.00,3.23,0.00,3.23,3.23,3.23
Adam Wharton,eng ENG,MF,Crystal Palace,19,2004,16,15,"1,297",14.4,0,3,3,0,0,0,2,0,0.3,0.3,2.4,2.8,14,79,10,0.00,0.21,0.21,0.00,0.21,0.02,0.17,0.19,0.02,0.19
Ethan Wheatley,eng ENG,FW,Manchester Utd,17,2006,3,0,16,0.2,0,0,0,0,0,0,0,0,0.0,0.0,0.0,0.0,0,0,1,0.00,0.00,0.00,0.00,0.00,0.00,0.00,0.00,0.00,0.00
Joe White,eng ENG,MF,Newcastle Utd,20,2002,4,0,13,0.1,0,0,0,0,0,0,1,0,0.0,0.0,0.0,0.0,2,3,3,0.00,0.00,0.00,0.00,0.00,0.00,0.00,0.00,0.00,0.00
Neco Williams,wls WAL,DF,Nott'ham Forest,22,2001,26,18,"1,637",18.2,0,1,1,0,0,0,4,0,0.8,0.8,1.6,2.5,48,47,86,0.00,0.05,0.05,0.00,0.05,0.04,0.09,0.13,0.04,0.13
Joe Willock,eng ENG,MF,Newcastle Utd,23,1999,9,5,419,4.7,1,0,1,1,0,0,0,0,0.8,0.8,0.6,1.4,16,17,26,0.21,0.00,0.21,0.21,0.21,0.17,0.12,0.30,0.17,0.30
Yehor Yarmoliuk,ua UKR,MF,Brentford,19,2004,27,6,688,7.6,0,0,0,0,0,0,2,0,1.0,1.0,0.1,1.1,13,35,36,0.00,0.00,0.00,0.00,0.00,0.13,0.01,0.14,0.13,0.14
Illia Zabarnyi,ua UKR,DF,Bournemouth,20,2002,37,37,"3,330",37.0,1,0,1,1,0,0,5,0,1.1,1.1,0.4,1.5,24,109,1,0.03,0.00,0.03,0.03,0.03,0.03,0.01,0.04,0.03,0.04
Anass Zaroury,ma MAR,"FW,MF",Burnley,22,2000,6,1,152,1.7,0,0,0,0,0,0,0,1,0.2,0.2,0.0,0.2,2,2,12,0.00,0.00,0.00,0.00,0.00,0.10,0.02,0.12,0.10,0.12
